-- CLASSES
INSERT INTO classes (id, name) VALUES ('1774928959019-0', '1° GRADO A') ON CONFLICT (id) DO UPDATE SET name=EXCLUDED.name;
INSERT INTO classes (id, name) VALUES ('1775089397856-0', '1° GRADO B') ON CONFLICT (id) DO UPDATE SET name=EXCLUDED.name;
INSERT INTO classes (id, name) VALUES ('1775089405395-0', '3° GRADO B') ON CONFLICT (id) DO UPDATE SET name=EXCLUDED.name;
INSERT INTO classes (id, name) VALUES ('1775089424009-0', '3° GRADO C') ON CONFLICT (id) DO UPDATE SET name=EXCLUDED.name;
INSERT INTO classes (id, name) VALUES ('1775089429266-0', '3° GRADO D') ON CONFLICT (id) DO UPDATE SET name=EXCLUDED.name;
INSERT INTO classes (id, name) VALUES ('1775089444668-0', '5° GRADO A') ON CONFLICT (id) DO UPDATE SET name=EXCLUDED.name;
INSERT INTO classes (id, name) VALUES ('1775089455068-0', '5° GRADO B') ON CONFLICT (id) DO UPDATE SET name=EXCLUDED.name;
INSERT INTO classes (id, name) VALUES ('1775089463290-0', '5° GRADO C') ON CONFLICT (id) DO UPDATE SET name=EXCLUDED.name;
-- SUBJECTS
INSERT INTO subjects (id, name, competencies) VALUES ('cneb-mat', 'Matemática', '[{"id":"mat-c1","name":"Resuelve problemas de cantidad"},{"id":"mat-c2","name":"Resuelve problemas de regularidad, equivalencia y cambio"},{"id":"mat-c3","name":"Resuelve problemas de forma, movimiento y localización"},{"id":"mat-c4","name":"Resuelve problemas de gestión de datos e incertidumbre"}]') ON CONFLICT (id) DO UPDATE SET name=EXCLUDED.name, competencies=EXCLUDED.competencies;
INSERT INTO subjects (id, name, competencies) VALUES ('cneb-com', 'Comunicación', '[{"id":"com-c1","name":"Se comunica oralmente en su lengua materna"},{"id":"com-c2","name":"Lee diversos tipos de textos escritos en su lengua materna"},{"id":"com-c3","name":"Escribe diversos tipos de textos en su lengua materna"}]') ON CONFLICT (id) DO UPDATE SET name=EXCLUDED.name, competencies=EXCLUDED.competencies;
INSERT INTO subjects (id, name, competencies) VALUES ('cneb-dpcc', 'Desarrollo Personal, Ciudadanía y Cívica', '[{"id":"dpcc-c1","name":"Construye su identidad"},{"id":"dpcc-c2","name":"Convive y participa democráticamente en la búsqueda del bien común"}]') ON CONFLICT (id) DO UPDATE SET name=EXCLUDED.name, competencies=EXCLUDED.competencies;
INSERT INTO subjects (id, name, competencies) VALUES ('cneb-cs', 'Ciencias Sociales', '[{"id":"cs-c1","name":"Construye interpretaciones históricas"},{"id":"cs-c2","name":"Gestiona responsablemente el espacio y el ambiente"},{"id":"cs-c3","name":"Gestiona responsablemente los recursos económicos"}]') ON CONFLICT (id) DO UPDATE SET name=EXCLUDED.name, competencies=EXCLUDED.competencies;
INSERT INTO subjects (id, name, competencies) VALUES ('cneb-ct', 'Ciencia y Tecnología', '[{"id":"ct-c1","name":"Indaga mediante métodos científicos para construir conocimientos"},{"id":"ct-c2","name":"Explica el mundo físico basándose en conocimientos sobre los seres vivos..."},{"id":"ct-c3","name":"Diseña y construye soluciones tecnológicas para resolver problemas de su entorno"}]') ON CONFLICT (id) DO UPDATE SET name=EXCLUDED.name, competencies=EXCLUDED.competencies;
INSERT INTO subjects (id, name, competencies) VALUES ('cneb-ef', 'Educación Física', '[{"id":"ef-c1","name":"Se desenvuelve de manera autónoma a través de su motricidad"},{"id":"ef-c2","name":"Asume una vida saludable"},{"id":"ef-c3","name":"Interactúa a través de sus habilidades sociomotrices"}]') ON CONFLICT (id) DO UPDATE SET name=EXCLUDED.name, competencies=EXCLUDED.competencies;
INSERT INTO subjects (id, name, competencies) VALUES ('cneb-er', 'Educación Religiosa', '[{"id":"er-c1","name":"Construye su identidad como persona humana, amada por Dios..."},{"id":"er-c2","name":"Asume la experiencia del encuentro personal y comunitario con Dios..."}]') ON CONFLICT (id) DO UPDATE SET name=EXCLUDED.name, competencies=EXCLUDED.competencies;
INSERT INTO subjects (id, name, competencies) VALUES ('cneb-ac', 'Arte y Cultura', '[{"id":"ac-c1","name":"Aprecia de manera crítica manifestaciones artístico-culturales"},{"id":"ac-c2","name":"Crea proyectos desde los lenguajes artísticos"}]') ON CONFLICT (id) DO UPDATE SET name=EXCLUDED.name, competencies=EXCLUDED.competencies;
INSERT INTO subjects (id, name, competencies) VALUES ('cneb-ingles', 'Inglés como Lengua Extranjera', '[{"id":"ing-c1","name":"Se comunica oralmente en inglés como lengua extranjera"},{"id":"ing-c2","name":"Lee diversos tipos de textos en inglés como lengua extranjera"},{"id":"ing-c3","name":"Escribe diversos tipos de textos en inglés como lengua extranjera"}]') ON CONFLICT (id) DO UPDATE SET name=EXCLUDED.name, competencies=EXCLUDED.competencies;
INSERT INTO subjects (id, name, competencies) VALUES ('cneb-ept', 'Educación para el Trabajo', '[{"id":"ept-c1","name":"Gestiona proyectos de emprendimiento económico o social"}]') ON CONFLICT (id) DO UPDATE SET name=EXCLUDED.name, competencies=EXCLUDED.competencies;
-- INSTRUMENTS
INSERT INTO instruments (id, name, type, subject_id, class_id, date, max_score, description) VALUES ('1775272430043', '', '', '', '', '', 20, '') ON CONFLICT (id) DO UPDATE SET name=EXCLUDED.name, type=EXCLUDED.type, max_score=EXCLUDED.max_score;
INSERT INTO instruments (id, name, type, subject_id, class_id, date, max_score, description) VALUES ('cneb-ct_DIAGNOSTICA', '', '', '', '', '', 20, '') ON CONFLICT (id) DO UPDATE SET name=EXCLUDED.name, type=EXCLUDED.type, max_score=EXCLUDED.max_score;
-- GRADES
INSERT INTO grades (id, student_id, subject, competency_id, period, score, conclusion) VALUES ('1775452089280.1165','1775089174975-0', 'Matemática', 'mat-c1', '1', 0, '') ON CONFLICT (id) DO UPDATE SET score=EXCLUDED.score, conclusion=EXCLUDED.conclusion;
INSERT INTO grades (id, student_id, subject, competency_id, period, score, conclusion) VALUES ('1775452089280.3862','1775089174976-1', 'Matemática', 'mat-c1', '1', 0, '') ON CONFLICT (id) DO UPDATE SET score=EXCLUDED.score, conclusion=EXCLUDED.conclusion;
INSERT INTO grades (id, student_id, subject, competency_id, period, score, conclusion) VALUES ('1775452089280.4807','1775089174976-2', 'Matemática', 'mat-c1', '1', 0, '') ON CONFLICT (id) DO UPDATE SET score=EXCLUDED.score, conclusion=EXCLUDED.conclusion;
-- SCHEDULE
INSERT INTO schedule (id, class_id, subject_id, day_of_week, start_time, end_time) VALUES ('1775094619457', '1774928959019-0', 'cneb-mat', 1, '', '') ON CONFLICT (id) DO UPDATE SET class_id=EXCLUDED.class_id, subject_id=EXCLUDED.subject_id;
INSERT INTO schedule (id, class_id, subject_id, day_of_week, start_time, end_time) VALUES ('1775098080279', '1774928959019-0', 'cneb-mat', 1, '', '') ON CONFLICT (id) DO UPDATE SET class_id=EXCLUDED.class_id, subject_id=EXCLUDED.subject_id;
INSERT INTO schedule (id, class_id, subject_id, day_of_week, start_time, end_time) VALUES ('1775098093831', '1775089405395-0', 'cneb-ct', 1, '', '') ON CONFLICT (id) DO UPDATE SET class_id=EXCLUDED.class_id, subject_id=EXCLUDED.subject_id;
INSERT INTO schedule (id, class_id, subject_id, day_of_week, start_time, end_time) VALUES ('1775098110686', '1775089424009-0', 'cneb-ct', 1, '', '') ON CONFLICT (id) DO UPDATE SET class_id=EXCLUDED.class_id, subject_id=EXCLUDED.subject_id;
INSERT INTO schedule (id, class_id, subject_id, day_of_week, start_time, end_time) VALUES ('1775098129814', '1775089424009-0', 'cneb-ct', 1, '', '') ON CONFLICT (id) DO UPDATE SET class_id=EXCLUDED.class_id, subject_id=EXCLUDED.subject_id;
INSERT INTO schedule (id, class_id, subject_id, day_of_week, start_time, end_time) VALUES ('1775098146638', '1775089455068-0', 'cneb-ct', 1, '', '') ON CONFLICT (id) DO UPDATE SET class_id=EXCLUDED.class_id, subject_id=EXCLUDED.subject_id;
INSERT INTO schedule (id, class_id, subject_id, day_of_week, start_time, end_time) VALUES ('1775098189502', '1775089463290-0', 'cneb-ct', 1, '', '') ON CONFLICT (id) DO UPDATE SET class_id=EXCLUDED.class_id, subject_id=EXCLUDED.subject_id;
INSERT INTO schedule (id, class_id, subject_id, day_of_week, start_time, end_time) VALUES ('1775098221550', '1775089397856-0', 'cneb-mat', 1, '', '') ON CONFLICT (id) DO UPDATE SET class_id=EXCLUDED.class_id, subject_id=EXCLUDED.subject_id;
INSERT INTO schedule (id, class_id, subject_id, day_of_week, start_time, end_time) VALUES ('1775098232325', '1775089397856-0', 'cneb-mat', 1, '', '') ON CONFLICT (id) DO UPDATE SET class_id=EXCLUDED.class_id, subject_id=EXCLUDED.subject_id;
INSERT INTO schedule (id, class_id, subject_id, day_of_week, start_time, end_time) VALUES ('1775098330757', '1775089444668-0', 'cneb-ct', 1, '', '') ON CONFLICT (id) DO UPDATE SET class_id=EXCLUDED.class_id, subject_id=EXCLUDED.subject_id;
INSERT INTO schedule (id, class_id, subject_id, day_of_week, start_time, end_time) VALUES ('1775098340038', '1775089444668-0', 'cneb-ct', 1, '', '') ON CONFLICT (id) DO UPDATE SET class_id=EXCLUDED.class_id, subject_id=EXCLUDED.subject_id;
INSERT INTO schedule (id, class_id, subject_id, day_of_week, start_time, end_time) VALUES ('1775098384948', '1775089429266-0', 'cneb-ct', 1, '', '') ON CONFLICT (id) DO UPDATE SET class_id=EXCLUDED.class_id, subject_id=EXCLUDED.subject_id;
INSERT INTO schedule (id, class_id, subject_id, day_of_week, start_time, end_time) VALUES ('1775098394316', '1775089429266-0', 'cneb-ct', 1, '', '') ON CONFLICT (id) DO UPDATE SET class_id=EXCLUDED.class_id, subject_id=EXCLUDED.subject_id;
INSERT INTO schedule (id, class_id, subject_id, day_of_week, start_time, end_time) VALUES ('1775098498884', '1775089424009-0', 'cneb-ct', 1, '', '') ON CONFLICT (id) DO UPDATE SET class_id=EXCLUDED.class_id, subject_id=EXCLUDED.subject_id;
INSERT INTO schedule (id, class_id, subject_id, day_of_week, start_time, end_time) VALUES ('1775098517698', '1775089397856-0', 'cneb-mat', 1, '', '') ON CONFLICT (id) DO UPDATE SET class_id=EXCLUDED.class_id, subject_id=EXCLUDED.subject_id;
INSERT INTO schedule (id, class_id, subject_id, day_of_week, start_time, end_time) VALUES ('1775098533499', '1775089397856-0', 'cneb-mat', 1, '', '') ON CONFLICT (id) DO UPDATE SET class_id=EXCLUDED.class_id, subject_id=EXCLUDED.subject_id;
INSERT INTO schedule (id, class_id, subject_id, day_of_week, start_time, end_time) VALUES ('1775098557330', '1775089463290-0', 'cneb-ct', 1, '', '') ON CONFLICT (id) DO UPDATE SET class_id=EXCLUDED.class_id, subject_id=EXCLUDED.subject_id;
INSERT INTO schedule (id, class_id, subject_id, day_of_week, start_time, end_time) VALUES ('1775098569698', '1775089463290-0', 'cneb-ct', 1, '', '') ON CONFLICT (id) DO UPDATE SET class_id=EXCLUDED.class_id, subject_id=EXCLUDED.subject_id;
INSERT INTO schedule (id, class_id, subject_id, day_of_week, start_time, end_time) VALUES ('1775098593690', '1775089444668-0', 'cneb-ct', 1, '', '') ON CONFLICT (id) DO UPDATE SET class_id=EXCLUDED.class_id, subject_id=EXCLUDED.subject_id;
INSERT INTO schedule (id, class_id, subject_id, day_of_week, start_time, end_time) VALUES ('1775098609883', '1775089429266-0', 'cneb-ct', 1, '', '') ON CONFLICT (id) DO UPDATE SET class_id=EXCLUDED.class_id, subject_id=EXCLUDED.subject_id;
INSERT INTO schedule (id, class_id, subject_id, day_of_week, start_time, end_time) VALUES ('1775098620955', '1774928959019-0', 'cneb-mat', 1, '', '') ON CONFLICT (id) DO UPDATE SET class_id=EXCLUDED.class_id, subject_id=EXCLUDED.subject_id;
INSERT INTO schedule (id, class_id, subject_id, day_of_week, start_time, end_time) VALUES ('1775098627931', '1774928959019-0', 'cneb-mat', 1, '', '') ON CONFLICT (id) DO UPDATE SET class_id=EXCLUDED.class_id, subject_id=EXCLUDED.subject_id;
INSERT INTO schedule (id, class_id, subject_id, day_of_week, start_time, end_time) VALUES ('1775098644530', '1775089405395-0', 'cneb-ct', 1, '', '') ON CONFLICT (id) DO UPDATE SET class_id=EXCLUDED.class_id, subject_id=EXCLUDED.subject_id;
INSERT INTO schedule (id, class_id, subject_id, day_of_week, start_time, end_time) VALUES ('1775098651883', '1775089405395-0', 'cneb-ct', 1, '', '') ON CONFLICT (id) DO UPDATE SET class_id=EXCLUDED.class_id, subject_id=EXCLUDED.subject_id;
INSERT INTO schedule (id, class_id, subject_id, day_of_week, start_time, end_time) VALUES ('1775098665737', '1775089455068-0', 'cneb-ct', 1, '', '') ON CONFLICT (id) DO UPDATE SET class_id=EXCLUDED.class_id, subject_id=EXCLUDED.subject_id;
INSERT INTO schedule (id, class_id, subject_id, day_of_week, start_time, end_time) VALUES ('1775098672320', '1775089455068-0', 'cneb-ct', 1, '', '') ON CONFLICT (id) DO UPDATE SET class_id=EXCLUDED.class_id, subject_id=EXCLUDED.subject_id;
-- DIAGNOSTIC_EVALUATIONS
INSERT INTO diagnostic_evaluations (id, class_id, subject_id, period, proficiency_level, student_results, observations) VALUES ('1775247461302', '3° GRADO B', 'cneb-ct', 'DIAGNOSTICA', '', '[]', '') ON CONFLICT (id) DO UPDATE SET proficiency_level=EXCLUDED.proficiency_level, student_results=EXCLUDED.student_results;
INSERT INTO diagnostic_evaluations (id, class_id, subject_id, period, proficiency_level, student_results, observations) VALUES ('1775249566905', '5° GRADO C', 'cneb-ct', 'DIAGNOSTICA', '', '[]', '') ON CONFLICT (id) DO UPDATE SET proficiency_level=EXCLUDED.proficiency_level, student_results=EXCLUDED.student_results;
INSERT INTO diagnostic_evaluations (id, class_id, subject_id, period, proficiency_level, student_results, observations) VALUES ('1775251279460', '3° GRADO D', 'cneb-ct', 'DIAGNOSTICA', '', '[]', '') ON CONFLICT (id) DO UPDATE SET proficiency_level=EXCLUDED.proficiency_level, student_results=EXCLUDED.student_results;
INSERT INTO diagnostic_evaluations (id, class_id, subject_id, period, proficiency_level, student_results, observations) VALUES ('1775276437985', '5° GRADO A', 'cneb-ct', 'DIAGNOSTICA', '', '[]', '') ON CONFLICT (id) DO UPDATE SET proficiency_level=EXCLUDED.proficiency_level, student_results=EXCLUDED.student_results;
INSERT INTO diagnostic_evaluations (id, class_id, subject_id, period, proficiency_level, student_results, observations) VALUES ('1775276854110', '3° GRADO C', 'cneb-ct', 'DIAGNOSTICA', '', '[]', '') ON CONFLICT (id) DO UPDATE SET proficiency_level=EXCLUDED.proficiency_level, student_results=EXCLUDED.student_results;
INSERT INTO diagnostic_evaluations (id, class_id, subject_id, period, proficiency_level, student_results, observations) VALUES ('1775278531626', '5° GRADO B', 'cneb-ct', 'DIAGNOSTICA', '', '[]', '') ON CONFLICT (id) DO UPDATE SET proficiency_level=EXCLUDED.proficiency_level, student_results=EXCLUDED.student_results;
INSERT INTO diagnostic_evaluations (id, class_id, subject_id, period, proficiency_level, student_results, observations) VALUES ('1775423100178', '1° GRADO A', 'cneb-mat', 'DIAGNOSTICA', '', '[]', '') ON CONFLICT (id) DO UPDATE SET proficiency_level=EXCLUDED.proficiency_level, student_results=EXCLUDED.student_results;
INSERT INTO diagnostic_evaluations (id, class_id, subject_id, period, proficiency_level, student_results, observations) VALUES ('1775423913807', '1° GRADO B', 'cneb-mat', 'DIAGNOSTICA', '', '[]', '') ON CONFLICT (id) DO UPDATE SET proficiency_level=EXCLUDED.proficiency_level, student_results=EXCLUDED.student_results;
